Ratio,PacketSize,Up(Mbps),Down(Mbps),TotalTime(s)
1,1000,0.0947829,0.0159316,0.586549
1,5000,0.0976364,0.0163011,2.86351
1,10000,0.0981639,0.016375,5.70047
0.5,1000,0.0947829,0.0152587,0.346549
0.5,5000,0.0976364,0.0162245,1.64239
0.5,10000,0.0981639,0.0163011,3.26879
0.2,1000,0.0947829,0.0135426,0.202549
0.2,5000,0.0976364,0.0159316,0.911829
0.2,10000,0.0981639,0.0161176,1.80767
