Ratio,PacketSize,Up(Mbps),Down(Mbps),TotalTime(s)
1,1000,0.0947867,0.0160479,0.582907
1,5000,0.0976372,0.0163253,2.85987
1,10000,0.0981643,0.0163872,5.69683
0.5,1000,0.0947867,0.0154735,0.342907
0.5,5000,0.0976372,0.0162725,1.63875
0.5,10000,0.0981643,0.0163253,3.26515
0.2,1000,0.0947867,0.013973,0.198907
0.2,5000,0.0976372,0.0160479,0.908187
0.2,10000,0.0981643,0.0161769,1.80403
