Ratio,PacketSize,Up(Mbps),Down(Mbps),TotalTime(s)
1,1000,0.0947829,0.0159176,0.586992
1,5000,0.0976364,0.0162981,2.86395
1,10000,0.0981639,0.0163735,5.70091
0.5,1000,0.0947829,0.0152329,0.346992
0.5,5000,0.0976364,0.0162186,1.64283
0.5,10000,0.0981639,0.0162981,3.26923
0.2,1000,0.0947829,0.013492,0.202992
0.2,5000,0.0976364,0.0159176,0.912272
0.2,10000,0.0981639,0.0161104,1.80811
