Ratio,PacketSize,Up(Mbps),Down(Mbps),TotalTime(s)
1,1000,0.0947829,0.0159194,0.586934
1,5000,0.0976364,0.0162985,2.86389
1,10000,0.0981639,0.0163737,5.70085
0.5,1000,0.0947829,0.0152363,0.346934
0.5,5000,0.0976364,0.0162194,1.64277
0.5,10000,0.0981639,0.0162985,3.26917
0.2,1000,0.0947829,0.0134986,0.202934
0.2,5000,0.0976364,0.0159194,0.912214
0.2,10000,0.0981639,0.0161113,1.80805
