Ratio,PacketSize,Up(Mbps),Down(Mbps),TotalTime(s)
1,1000,0.0945963,0.0159193,0.587105
1,5000,0.0975967,0.0162985,2.86406
1,10000,0.0981439,0.0163737,5.70102
0.5,1000,0.0945963,0.0152361,0.347105
0.5,5000,0.0975967,0.0162194,1.64294
0.5,10000,0.0981439,0.0162985,3.26934
0.2,1000,0.0945963,0.0134981,0.203105
0.2,5000,0.0975967,0.0159193,0.912385
0.2,10000,0.0981439,0.0161113,1.80822
