CompressionRatio,PacketSize(byte),UpThroughput(Mbps),DownThroughput(Mbps),TotalTime(s)
1,1000,0.0947829,0.0136717,0.669555
1,5000,0.0976364,0.0351806,1.54667
1,10000,0.0981639,0.0518715,2.35723
0.5,1000,0.0947829,0.0131082,0.389555
0.5,5000,0.0976364,0.0214254,1.34315
0.5,10000,0.0981639,0.0351806,1.95195
0.2,1000,0.0947829,0.0116659,0.221555
0.2,5000,0.0976364,0.0136717,0.994835
0.2,10000,0.0981639,0.0179077,1.70843
