CompressionRatio,PacketSize(byte),UpThroughput(Mbps),DownThroughput(Mbps),TotalTime(s)
1,1000,0.0947856,0.0137174,0.667601
1,5000,0.0976369,0.035241,1.54472
1,10000,0.0981642,0.0519373,2.35528
0.5,1000,0.0947856,0.0131926,0.387601
0.5,5000,0.0976369,0.0214703,1.3412
0.5,10000,0.0981642,0.035241,1.95
0.2,1000,0.0947856,0.0118343,0.219601
0.2,5000,0.0976369,0.0137174,0.992881
0.2,10000,0.0981642,0.0179469,1.70648
