Ratio,PacketSize,Up(Mbps),Down(Mbps),TotalTime(s)
1,1000,0.0947867,0.012439,0.727538
1,5000,0.0976372,0.0136982,3.32978
1,10000,0.0981643,0.013896,6.57202
0.5,1000,0.0947867,0.0110151,0.447538
0.5,5000,0.0976372,0.0133738,1.90514
0.5,10000,0.0981643,0.0136982,3.73506
0.2,1000,0.0947867,0.00819933,0.279538
0.2,5000,0.0976372,0.012439,1.05282
0.2,10000,0.0981643,0.0131638,2.03042
