Ratio,PacketSize,Up(Mbps),Down(Mbps),TotalTime(s)
1,1000,0.0947829,0.0136717,0.669555
1,5000,0.473915,0.0125494,3.27179
1,10000,0.947829,0.0124424,6.51403
0.5,1000,0.0947829,0.0131082,0.389555
0.5,5000,0.473915,0.0113459,1.84715
0.5,10000,0.947829,0.0111338,3.67707
0.2,1000,0.0947829,0.0116659,0.221555
0.2,5000,0.473915,0.00878704,0.994835
0.2,10000,0.947829,0.00847444,1.97243
